{"cameraMode":{"drawMode":0,"name":"Shaded","section":"Shading Mode"},"sceneLighting":true,"audioPlay":false,"sceneViewState":{"m_AlwaysRefresh":false,"showFog":true,"showSkybox":true,"showFlares":true,"showImageEffects":true,"showParticleSystems":true,"showVisualEffectGraphs":true,"m_FxEnabled":true},"in2DMode":false,"pivot":{"x":-6.2390642166137699,"y":1.2806587219238282,"z":-2.481081962585449},"rotation":{"x":0.1627705991268158,"y":-0.004439969547092915,"z":0.0007324726902879775,"w":0.9866526126861572},"size":16.83204460144043,"orthographic":true}